Date,HSN1FNSA,80/20 mortgage,appreciation rate,home appreciation,help-u-sell,planned community,new home builder,appreciation rates,city land,tax real estate,marshall reddick,amerisuites,1031 exchange,cambridge homes,1031 exchanges,house appreciation,olson company,condo store,illinois real estate,1031 tax,new home builders,new homes,real estate test,map it,new home communities,vacant land,real estate exams,1031,real estate appraisers,real estate appreciation,exhaust sound clips,new condominiums,dolf de roos,estate appraisers,new home construction,www.buyowner.com,foxtons.com,baird & warner,prudential realtor,real estate purchase,mortgage terms,www.pulte.com,irs 1031,tax exchange,citigroup foundation,buy owner,de roos,home appreciation rates,fairfield connecticut,martindale.com,www.kohler.com,real estate appraisal,jdk 1.4.2,the olson company,amerisuite,home development,estate appraisal,housing developments,master planned community,real estate portland,www.traderonline.com,feet acre,american homes,home builder,1031 tax exchange,real estate atlanta,california department of real estate,century 21 realtors,new housing development,selling real estate
2004/01/01,0.942,1.08,0.38,1.198,0.724,1.682,1.371,1.173,0.987,0.879,1.349,0.98,0.269,1.387,0.555,0.913,1.436,1.598,1.621,0.593,1.62,1.515,1.199,1.328,1.4,1.159,1.391,0.26,1.534,0.972,1.005,0.829,1.655,1.516,1.699,1.412,1.063,1.576,0.865,1.28,1.326,0.804,0.776,0.847,1.24,0.861,1.574,1.376,1.467,0.947,1.503,1.705,1.098,1.359,1.123,1.562,1.697,1.867,1.527,1.271,1.531,1.335,1.171,1.642,0.437,1.537,1.734,1.899,1.33,1.359
2004/02/01,1.336,0.93,1.139,1.096,0.813,1.77,1.46,1.119,1.472,1.631,1.15,1.26,0.644,1.372,1.089,0.952,1.492,1.386,1.418,1.162,1.268,1.378,1.044,1.431,1.21,1.162,1.096,0.697,1.352,1.112,1.552,1.143,1.612,1.362,1.746,1.36,1.491,1.633,1.196,0.93,1.612,1.816,1.525,1.31,1.533,0.847,1.353,1.41,1.461,1.734,1.512,1.612,1.626,1.795,1.389,1.268,1.615,1.564,1.539,0.949,1.561,1.327,1.299,1.547,1.317,1.343,1.568,1.658,1.419,1.056
2004/03/01,1.973,2.091,1.734,1.52,1.523,1.653,1.894,1.356,1.535,1.939,1.638,1.41,1.024,1.73,1.025,1.441,1.824,1.294,1.709,1.683,1.632,1.778,0.818,1.767,1.161,1.491,1.657,1.018,1.741,1.715,1.699,1.094,1.525,1.724,1.98,1.424,1.795,1.932,1.595,1.654,1.555,1.804,1.471,1.465,1.355,1.145,1.658,1.624,1.547,1.732,1.487,1.698,2,1.92,1.227,1.862,1.699,1.543,1.842,1.607,1.78,2.11,1.421,1.593,1.214,1.626,1.408,2.267,1.114,1.428
2004/04/01,1.548,1.534,1.072,1.419,1.603,1.341,1.619,1.152,1.509,1.717,1.643,1.208,1.172,1.479,1.116,1.016,2.255,0.986,1.703,1.608,1.404,1.661,1.216,1.84,1.752,1.642,1.698,1.102,1.633,1.29,1.345,1.307,1.604,1.655,1.644,1.497,2.034,1.726,2.029,2.103,2.069,1.859,1.827,1.137,1.149,1.288,1.721,1.332,1.476,1.158,1.287,1.689,1.255,2.307,1.181,1.807,1.693,1.727,1.061,1.692,2.077,2.099,1.337,1.468,1.219,1.559,1.183,1.546,1.875,1.64
2004/05/01,1.73,1.595,1.524,1.584,1.502,1.877,1.648,1.181,1.902,1.653,1.676,1.379,1.167,1.457,1.499,1.717,1.402,1.347,1.501,1.32,1.415,1.503,1.507,1.983,1.585,1.339,1.793,1.106,1.5,1.004,1.617,1.312,1.058,1.489,1.543,1.813,1.461,1.619,1.586,1.99,1.79,1.414,1.097,1.138,1.619,1.4,1.003,1.667,1.425,1.36,1.424,1.591,1.127,1.269,1.545,1.909,1.6,1.348,1.368,1.43,1.668,2.104,1.242,1.318,1.254,1.747,1.277,1.938,1.847,1.75
2004/06/01,1.427,1.35,1.518,1.467,1.385,1.603,1.529,1.304,1.748,1.457,1.835,1.778,1.19,1.427,0.998,1.689,1.967,1.567,1.712,1.866,1.518,1.631,1.448,2.267,1.611,1.408,1.886,1.234,1.669,1.41,1.346,1.378,1.017,1.672,1.708,1.865,1.622,1.874,1.517,2.269,1.848,1.482,0.918,1.748,1.789,1.528,1.064,1.402,1.997,1.393,1.893,1.913,1.632,2.296,2.215,1.427,1.91,1.56,1.799,1.699,1.821,2.267,1.116,1.424,1.752,1.74,1.762,1.809,1.33,1.622
2004/07/01,1.154,1.264,0.764,1.452,1.917,1.61,1.508,1.587,1.144,1.953,1.874,1.823,1.427,1.733,1.39,0.954,1.478,0.964,1.804,1.622,1.716,1.786,1.848,2.083,1.436,2.123,1.668,1.45,1.386,1.408,1.286,1.819,1.367,1.371,1.902,1.836,1.539,1.557,2.044,1.894,1.334,1.434,1.348,1.325,1.23,1.653,1.326,1.634,1.601,1.171,1.12,1.67,1.186,1.433,1.911,1.854,1.678,1.789,1.397,1.715,1.321,1.863,1.257,1.606,1.491,1.862,1.481,1.811,1.76,1.929
2004/08/01,1.336,1.267,1.255,1.449,1.2,1.544,1.64,1.119,1.29,1.756,2.128,1.478,1.343,1.59,1.722,1.217,1.555,1.459,1.732,1.773,1.682,1.477,1.733,1.876,1.603,1.737,2.238,1.425,1.804,1.492,0.999,1.211,1.389,1.79,1.462,1.744,1.317,1.706,1.718,1.676,1.322,1.421,1.547,1.57,1.482,1.271,1.538,1.414,1.423,2.042,1.106,1.753,1.727,1.308,2.027,1.502,1.756,1.578,1.985,1.429,1.409,1.364,1.038,1.565,1.865,1.622,1.671,1.586,1.569,1.981
2004/09/01,1.094,1.199,0.744,1.154,1.21,1.433,1.304,1.341,0.594,1.049,1.458,1.328,0.985,1.161,1.301,1.584,0.884,1.16,1.288,1.047,1.122,1.115,0.904,1.499,1.425,0.999,1.7,1.027,1.248,1.005,1.143,0.983,0.896,1.242,1.288,1.077,1.113,1.124,1.288,1.23,1.313,0.909,0.817,1.104,0.817,0.721,0.866,1.493,1.535,1.258,1.221,1.322,1.752,0.912,1.302,1.21,1.309,1.215,1.406,1.147,1.113,1.092,1.291,1.128,1.026,0.903,1.365,1.16,0.757,1.367
2004/10/01,1.306,0.811,0.924,1.267,0.865,0.995,1.147,0.875,0.963,0.935,1.076,1.046,0.944,1.015,1.38,0.93,1.204,1.068,1.014,1.023,1.102,0.94,1.09,1.191,1.241,1.059,1.371,0.955,1.121,0.757,1.076,1.287,0.649,1.14,0.94,0.963,1.009,0.689,1.019,1.005,0.975,1.832,1.485,1.102,1.078,0.952,0.551,0.78,1.446,1.168,1.441,0.96,1.441,1.37,1.119,1.116,0.96,0.953,0.684,0.705,1.06,1.159,1.099,0.994,1.182,0.887,1.07,1.135,1.146,1.086
2004/11/01,0.79,0.565,1.168,1.105,0.638,1.141,0.983,0.547,0.852,0.747,1.18,0.831,0.795,0.717,0.63,0.743,1.052,0.786,0.8,1.202,0.995,0.819,0.703,0.913,0.773,1.073,0.913,0.81,1,1.429,1.301,0.833,0.798,0.983,0.899,1.187,0.983,0.395,0.754,0.652,1.191,0.887,1.15,1.035,0.726,0.75,1.051,0.492,1.294,0.802,0.869,1.023,1.003,1.347,1.046,0.943,1.02,0.99,0.995,0.623,1.161,0.877,1.322,0.773,1.069,0.526,1.413,0.847,0.997,0.89
2004/12/01,0.76,0.527,0.706,1.227,0.611,0.686,0.855,0.773,0.634,1.131,1.053,0.742,0.873,0.701,0.553,0.947,0.388,0.802,0.792,0.914,0.834,0.736,0.774,0.919,0.879,0.659,0.86,0.764,0.902,1.163,1.227,0.889,0.619,0.922,0.821,0.655,0.854,0.277,0.244,0.289,0.783,1.054,0.676,0.739,0.944,0.566,0.9,0.92,1.068,0.606,0.295,0.906,1.214,0.259,0.623,0.996,0.897,0.713,0.449,0.548,1.334,0.883,0.855,0.762,0.774,0.43,1.143,0.105,1.158,0.754
2005/01/01,1.033,1.461,0.961,1.336,1.129,1.155,1.447,1.398,1.183,1.158,1.479,1.219,1.326,1.794,1.592,1.571,1.557,1.835,1.352,1.594,1.852,1.678,1.531,1.041,1.542,1.541,1.327,1.365,1.516,1.799,1.27,2.073,1.565,1.525,1.805,1.269,1.063,1.241,0.929,0.967,1.445,0.992,1.869,1.756,1.473,1.513,1.498,1.134,1.279,1.726,1.522,1.667,1.142,1.282,1.269,1.588,1.671,2.062,1.195,1.168,1.127,1.12,2.146,1.725,1.717,1.69,1.469,1.39,1.433,1.182
2005/02/01,1.548,1.212,1.606,1.821,1.147,1.505,1.968,2.099,1.418,1.792,1.454,1.525,1.546,2.224,1.504,1.707,1.685,1.476,1.403,1.919,1.819,1.75,1.451,1.139,2.08,1.893,1.51,1.612,1.417,2.168,1.667,1.977,1.664,1.402,1.887,1.874,1.228,1.764,1.09,1.201,1.491,2.012,1.876,1.932,1.53,1.602,1.88,1.919,1.664,1.641,1.51,1.429,1.822,1.455,1.344,2.005,1.426,1.926,1.304,1.53,1.463,1.178,1.916,1.86,1.961,1.584,1.308,1.462,1.499,1.632
2005/03/01,2.094,1.715,2.209,2.205,1.466,2.001,2.355,2.226,1.725,1.774,1.86,1.487,1.96,2.352,1.547,2.711,1.671,1.837,1.727,2.007,2.041,1.898,1.9,1.328,2.2,2.011,1.674,1.946,1.577,2.321,1.584,1.986,2.353,1.564,1.921,2.292,1.322,1.746,1.512,1.522,1.565,2.296,2.003,2.39,1.521,1.908,2.428,1.925,1.56,1.406,1.595,1.479,1.534,1.747,1.338,1.956,1.483,1.925,1.859,1.286,1.728,1.848,1.847,1.948,2.103,1.752,1.912,1.826,1.995,1.699
2005/04/01,1.761,1.646,2.266,2.176,1.779,1.588,1.815,2.211,2.046,1.945,1.793,1.268,1.874,1.935,1.94,1.854,1.823,1.623,1.356,2.015,1.679,1.736,1.984,1.401,1.658,2.034,1.463,1.872,1.256,2.193,1.44,1.585,1.596,1.26,1.812,1.849,1.582,1.954,2.116,1.574,1.272,1.815,1.572,2.334,1.55,1.967,1.582,1.917,1.017,1.335,1.387,1.371,1.169,1.608,1.401,1.99,1.368,1.872,1.601,1.904,1.815,1.759,1.754,1.716,1.991,1.47,1.685,1.695,1.885,1.635
2005/05/01,1.882,1.946,2.021,2.046,1.901,1.529,1.898,1.957,2.146,1.609,1.929,1.384,1.902,1.43,1.974,2.074,2.033,1.543,1.549,1.746,1.671,1.63,1.765,1.5,1.901,1.874,1.624,1.936,1.499,2.302,1.459,1.421,2.017,1.514,1.751,2.103,1.277,1.563,1.958,2.15,1.533,1.774,1.762,1.906,1.476,1.916,2.065,2.336,1.777,1.661,1.526,1.43,1.423,1.922,1.336,1.744,1.426,1.704,1.487,1.812,1.666,2.184,1.527,1.596,1.94,1.912,1.494,1.898,1.598,1.458
2005/06/01,1.73,1.977,1.782,2.325,1.97,1.657,1.89,2.128,2.158,1.487,1.811,1.752,2.152,1.512,1.845,1.815,1.135,1.644,1.75,1.773,1.809,1.67,2.118,1.84,1.998,1.961,2.195,2.082,1.781,2.273,1.161,1.949,1.379,1.79,1.84,1.792,1.401,1.289,1.908,2.048,1.852,1.63,1.791,1.829,1.615,2.074,1.173,1.75,1.83,1.542,1.589,1.705,1.922,1.161,1.651,2.244,1.708,1.732,2.072,1.548,1.804,1.77,1.504,1.748,1.949,1.961,1.886,1.504,1.78,1.695
2005/07/01,1.791,2.111,2.027,2.134,2.154,1.746,1.735,2.214,1.762,1.902,1.793,1.872,2.143,1.567,1.881,1.922,1.54,2.049,1.79,1.955,1.771,1.733,2.221,1.872,1.787,2.114,1.614,2.14,1.496,2.057,1.429,2.009,1.8,1.488,1.887,2.246,1.827,1.403,1.763,2.033,1.742,1.954,2.075,1.889,1.494,2.042,1.767,2.473,1.413,1.89,1.839,1.611,1.549,1.577,1.881,1.885,1.601,1.969,2.008,1.934,1.549,1.428,1.673,1.705,2.102,1.804,1.506,1.654,2.197,1.571
2005/08/01,1.579,1.502,1.443,1.563,1.742,1.362,1.506,1.884,1.351,1.934,1.381,1.452,2.164,1.428,1.881,1.284,1.659,1.8,1.44,2.124,1.629,1.507,1.866,1.686,1.765,2.055,1.714,2.168,1.613,1.549,1.139,2.231,1.665,1.613,1.844,1.556,1.719,1.662,1.366,1.712,1.793,1.504,2.216,2.226,1.477,1.72,1.616,1.608,1.391,1.502,1.756,1.475,1.308,1.64,1.433,1.535,1.476,1.515,1.375,1.909,1.543,1.788,1.289,1.5,2.369,1.358,1.457,1.247,2.309,1.698
2005/09/01,1.245,1.001,1.226,0.928,1.527,1.133,0.942,1.253,1.207,0.966,1.301,1.32,1.527,0.96,1.269,0.818,0.877,1.356,1.019,1.174,1.034,0.906,1.631,1.229,1.147,1.265,1.079,1.531,1.345,1.146,1.353,1.173,1.19,1.348,1.046,1.432,1.341,1.102,1.229,1.152,1.195,0.992,1.344,1.272,1.026,1.122,1.057,1.464,1.068,1.348,1.44,1.085,1.246,0.732,1.353,0.926,1.084,0.941,1.154,1.021,1.261,0.907,1.143,1,1.4,1.069,1.279,0.814,1.003,0.868
2005/10/01,1.427,0.78,1.098,0.846,1.171,1.197,0.792,0.762,1.173,0.961,1.01,1.195,1.333,0.904,1.273,0.818,0.87,1.435,1.023,1.056,0.743,0.768,1.482,1.169,0.908,1.143,1.212,1.301,1.129,1.131,1.454,1.126,1.569,1.133,0.852,1.214,0.925,1.019,0.798,0.762,1.253,1.414,1.409,1.075,1.217,1.004,1.379,0.341,1.344,1.255,1.361,1.018,1.532,0.884,1.263,0.715,1.009,0.905,0.999,1.082,0.907,0.986,1.08,0.816,1.336,1.053,1.087,0.646,1.108,1.214
2005/11/01,0.851,0.578,0.733,0.804,0.93,0.572,0.526,1.022,0.8,0.66,0.83,0.931,1.027,0.598,1.412,0.725,1.028,1.292,0.787,0.922,0.568,0.484,0.819,0.902,0.379,0.709,0.591,1.013,0.702,0.727,0.958,0.613,1.042,0.702,0.591,0.751,1.134,0.677,0.378,0.387,0.654,0.912,1.154,0.72,1.203,0.581,1.021,0.901,0.851,1.053,0.875,0.551,0.794,1.2,1.131,0.503,0.551,0.798,0.544,0.844,1.128,0.614,0.838,0.627,0.88,0.552,0.801,0.296,0.411,0.521
2005/12/01,0.881,0.416,0.525,0.481,0.64,0.178,0.494,0.626,0.536,0.759,0.642,0.616,0.691,0.401,0.815,1.155,0.775,0.731,0.337,0.402,0.349,0.383,0.599,0.759,0.397,0.46,0.873,0.693,0.283,0.741,1.019,0.532,0.952,0.27,0.395,0.754,0.709,0.324,0.236,0.155,0.639,1.146,0.673,0.465,1.093,0.579,0.87,0.422,0.774,0.971,0.511,0.37,0.879,0.637,0.821,0.384,0.374,0.338,0.105,0.677,1.085,0.359,0.337,0.481,0.387,0.359,0.577,0.174,0.576,0.272
2006/01/01,0.942,1.089,1.106,1.062,1.389,0.983,1.25,1.239,1.007,1.165,1.087,1.033,1.262,1.412,1.138,1.268,1.251,1.512,1.176,1.051,1.442,1.201,1.421,0.855,1.284,1.352,0.871,1.203,1.056,1.21,1.403,1.196,1.219,1.067,1.239,1.225,1.16,0.889,0.948,0.579,0.984,1.222,1.355,1.263,1.009,1.495,1.444,1.208,0.98,1.478,1.51,0.998,0.794,1.192,0.868,1.126,0.986,1.141,1.137,1.279,1.267,0.791,1.224,1.24,1.314,1.559,1.037,1.068,1.225,0.943
2006/02/01,0.912,1.127,1.454,1.009,1.206,1.249,1.167,1.084,1.259,0.968,1.026,1.15,1.423,1.462,1.301,1.056,1.177,1.199,1.059,1.122,1.218,1.042,1.075,0.932,1.22,1.197,1.154,1.319,0.934,0.853,1.248,1.141,1.298,0.938,1.124,0.883,1.478,1.037,1.04,0.765,1.325,1.638,1.574,1.484,1.325,1.253,1.376,0.729,0.846,1.025,1.705,1.21,1.259,1.154,1.24,0.916,1.207,0.987,1.224,0.903,1.407,0.722,1.259,1.18,1.346,0.983,1.013,0.738,0.871,0.823
2006/03/01,1.518,1.514,1.316,1.134,1.574,1.268,1.094,1.457,1.134,1.21,1.236,1.391,1.566,1.239,1.504,1.195,1.408,1.177,1.134,1.25,1.23,1.156,0.949,1.122,1.313,1.008,1.077,1.513,0.965,1.161,1.32,1.512,1.456,0.965,1.139,1.099,1.568,1.462,1.277,1.12,1.067,1.044,1.519,1.391,1.073,1.26,1.414,1.59,1,1.587,2.016,0.991,1.091,1.688,1.265,0.984,0.99,1.211,1.384,1.264,1.599,1.033,1.258,1.068,1.243,1.08,1.037,1.231,1.319,1.306
2006/04/01,1.276,1.323,1.277,1.134,1.534,1.142,0.742,1.316,1.45,1.39,0.997,1.196,1.41,1.392,1.336,1.332,1.271,1.328,1.092,1.107,0.945,0.975,1.127,0.996,0.803,0.945,0.771,1.446,1.204,1.214,1.512,1.142,1.076,1.197,0.909,1.252,1.407,1.319,1.447,1.143,1.008,1.223,1.457,1.498,0.969,1.273,0.969,1.145,0.952,1.125,1.372,1.373,0.884,1.068,1.173,0.994,1.371,0.939,1.161,1.277,1.284,0.991,1.166,0.992,1.158,1.009,1.003,1.279,0.857,1.278
2006/05/01,1.336,1.177,1.299,0.794,1.15,1.044,0.652,1.042,1.387,0.858,1.162,1.167,1.267,0.984,1.12,1.351,1.111,1.06,0.978,0.712,0.73,0.775,1.044,1.021,0.791,0.753,1.41,1.228,0.96,0.985,1.379,0.804,0.595,0.95,0.746,1.1,1.336,1.312,1.445,1.227,1.024,1.031,1.231,0.683,1.249,1.229,0.711,0.778,0.923,1.031,1.012,1.25,0.954,1.29,1.111,0.463,1.249,0.813,1.001,1.094,1.258,0.621,0.969,0.801,0.877,0.989,0.959,1.151,0.767,0.965
2006/06/01,1.215,1.336,1.202,0.916,1.184,1.215,0.69,0.894,1.11,0.989,0.951,1.403,1.056,0.863,0.917,1.075,1.021,1.142,1.145,0.64,0.872,0.884,1.099,1.164,0.762,0.617,1.073,1.02,1.044,0.741,1.458,0.974,0.691,1.051,0.723,1.127,1.21,1.418,1.229,1.184,1.235,0.846,0.601,0.661,1.196,1.283,0.727,0.97,1.188,1.072,1.526,1.119,0.978,1.095,1.63,0.691,1.104,0.687,1.37,0.829,1.394,1.05,0.866,0.91,0.646,1.17,1.124,1.329,0.645,1.118
2006/07/01,0.76,1.165,0.876,0.913,1.425,0.992,0.945,0.995,0.716,0.536,0.858,1.459,0.985,0.941,0.851,1.136,1.161,1.176,1.115,0.541,1.113,1.075,0.992,1.081,0.908,1.03,0.801,0.917,1.132,0.867,1.214,1.135,1.169,1.148,0.804,1.019,1.419,1.205,1.302,1.116,0.906,1.289,0.395,0.822,1.258,1.309,1.072,0.8,1.129,1.38,1.092,1.13,0.927,1.049,1.575,1.036,1.132,0.919,1.305,1.483,1.005,0.998,0.984,0.989,0.865,0.839,0.887,1.251,1.038,1.382
2006/08/01,0.912,1.277,0.698,0.737,1.03,0.57,0.735,0.782,0.904,0.498,0.788,1.111,0.957,0.858,0.717,0.879,0.634,0.809,0.95,0.657,0.904,0.844,1.081,0.92,0.778,0.883,0.697,0.923,1.241,0.759,1.062,1.049,1.255,1.249,0.62,0.866,1.292,0.95,0.973,1.011,1.077,0.769,0.557,0.818,0.931,0.951,1.057,0.59,0.943,1.204,0.881,0.961,1.023,0.376,1.056,0.668,0.957,0.839,0.375,1.072,0.992,0.639,0.874,0.94,0.782,0.868,0.869,1.133,0.809,1.257
2006/09/01,0.669,0.805,0.457,0.325,0.721,0.309,0.513,0.436,0.114,0.365,0.613,0.86,0.604,0.613,0.62,0.234,0.68,0.445,0.574,0.457,0.554,0.595,0.77,0.617,0.426,0.583,0.235,0.568,0.833,0.409,1.002,0.663,0.762,0.833,0.383,0.495,0.976,0.196,0.658,0.519,0.69,0.749,0.517,0.363,0.877,0.646,0.715,0.215,0.926,0.712,0.629,0.766,0.652,1.003,0.694,0.472,0.76,0.356,0.486,0.634,0.639,0.546,0.695,0.588,0.485,0.604,0.615,0.581,0.229,0.641
2006/10/01,0.487,0.55,0.415,0.331,0.547,0.519,0.383,0.315,0.438,0.367,0.501,0.85,0.556,0.534,0.623,0.291,0.494,0.813,0.388,0.289,0.459,0.418,0.405,0.497,0.345,0.363,0.741,0.543,0.785,0.145,0.991,0.448,0.41,0.791,0.213,0.131,0.753,0.534,0.453,0.33,0.522,0.384,0.34,0.372,0.767,0.401,0.489,0.469,0.6,0.861,0.415,0.557,0.894,0.479,0.685,0.334,0.565,0.429,0.459,0.502,0.295,0.498,0.762,0.447,0.431,0.565,0.617,0.392,0.32,0.405
2006/11/01,0.396,0.526,0.297,0.047,0.157,0.249,0.13,0.28,0.072,0.143,0.409,0.609,0.309,0.338,0.471,0.074,0.281,0.478,0.227,0.173,0.283,0.257,0.124,0.132,0.007,0.186,0.29,0.291,0.474,0.112,0.541,0.386,0.393,0.455,0.034,-0.145,0.624,0.049,0.005,0.143,0.464,0.041,0.23,0.193,1.011,0.177,0.395,-0.172,0.463,0.295,0.255,0.254,0.553,0.478,0.507,0.124,0.26,0.058,0.267,0.276,0.189,0.183,0.632,0.22,0.301,0.147,0.493,0.31,-0.119,0.279
2006/12/01,0.396,0.377,0.299,0.135,0.003,0.128,-0.024,0.281,0.15,0.371,0.186,0.405,0.116,0.254,0.305,-0.154,0.036,0.24,0.053,-0.03,0.177,0.184,0.069,0.052,0.002,-0.05,0.204,0.03,0.074,0.141,0.454,0.12,0.564,0.052,0.047,-0.169,0.502,-0.176,-0.03,-0.094,0.072,-0.039,0.031,0.025,0.488,0.065,0.573,0.3,0.222,0.176,-0.071,0.086,0.202,0.07,0.369,-0.079,0.093,0.003,-0.037,0.032,0.204,-0.081,0.248,0.096,0.021,0.081,0.349,0.046,-0.011,-0.129
2007/01/01,0.244,0.76,0.71,0.358,0.388,0.666,0.62,0.535,0.349,0.815,0.496,0.762,0.567,0.647,0.837,0.272,0.269,0.856,0.633,0.344,0.778,0.851,0.496,0.103,0.842,0.487,0.597,0.536,0.801,0.466,0.53,0.59,0.866,0.815,0.557,0.231,0.757,0.373,0.627,0.364,0.801,0.457,0.309,0.366,0.976,0.663,0.784,0.71,0.4,0.364,0.523,0.685,0.804,0.172,0.42,0.705,0.685,0.486,0.748,0.558,0.276,0.154,0.943,0.726,0.297,0.825,0.714,0.383,0.677,0.551
2007/02/01,0.305,0.856,0.718,0.363,0.315,0.666,0.655,0.501,0.49,0.786,0.337,0.858,0.611,0.622,0.693,0.363,0.472,0.652,0.421,0.331,0.781,0.781,0.489,0.156,0.492,0.343,0.399,0.563,0.592,0.392,0.678,0.501,0.37,0.588,0.52,0.09,0.393,0.686,0.414,0.361,0.546,0.215,0.399,0.479,0.807,0.561,0.336,0.176,0.248,0.42,0.341,0.421,0.932,0.369,0.445,0.281,0.43,0.461,0.737,0.465,0.299,0.158,0.833,0.733,0.416,0.531,0.574,0.234,0.724,0.474
2007/03/01,0.669,0.874,0.836,0.531,0.508,0.634,0.634,0.648,0.634,0.784,0.182,0.918,0.601,0.626,0.597,0.596,0.498,0.355,0.72,0.28,0.671,0.81,0.395,0.256,0.643,0.51,0.41,0.57,0.428,0.462,0.78,0.604,0.724,0.43,0.653,0.16,0.452,0.756,0.962,0.515,0.407,-0.033,0.201,0.512,0.588,0.632,0.77,0.466,0.369,0.368,0.465,0.393,0.87,0.27,0.676,0.582,0.395,0.698,0.753,0.672,0.2,0.493,0.904,0.66,0.426,0.739,0.688,0.503,0.582,0.488
2007/04/01,0.76,0.819,0.857,0.73,0.667,0.757,0.545,0.634,0.633,0.693,0.297,0.673,0.716,0.443,0.575,0.512,0.335,0.439,0.766,0.401,0.449,0.539,0.626,0.254,0.354,0.315,0.161,0.756,0.576,0.391,0.551,0.492,0.7,0.566,0.322,0.135,0.327,0.596,0.747,0.687,0.677,0.233,0.4,0.35,0.489,0.512,0.675,0.826,0.269,0.218,0.601,0.38,0.306,0.422,0.366,0.287,0.381,0.419,0.594,0.511,-0.032,0.494,0.77,0.516,0.181,0.733,0.543,0.461,0.353,0.65
2007/05/01,0.639,0.605,0.5,0.375,0.474,0.494,0.352,0.354,0.388,0.13,0.155,0.6,0.494,0.156,0.531,0.849,0.14,0.259,0.469,1.387,0.297,0.453,0.422,0.325,0.292,0.187,0.254,0.664,0.432,0.218,0.567,0.35,0.588,0.428,0.152,0.043,0.304,0.68,0.709,0.665,0.23,-0.125,0.454,0.066,0.425,0.453,0.508,0.258,0.616,0.176,0.035,0.273,0.253,0.148,0.33,0.358,0.272,0.245,0.641,0.538,-0.088,0.513,0.503,0.404,0.144,0.502,0.308,0.294,0.274,0.471
2007/06/01,0.457,0.527,0.892,0.42,0.497,0.496,0.331,0.416,0.46,0.501,0.093,0.663,0.434,0.315,0.513,0.519,0.248,0.42,0.639,0.504,0.363,0.548,0.691,0.391,0.546,0.18,0.093,0.459,0.463,0.364,0.377,0.472,0.42,0.465,0.314,0.051,0.413,0.38,0.692,0.621,0.239,0.359,-0.239,-0.012,0.21,0.528,0.37,0.833,0.387,0.181,-0.108,0.333,0.228,0.072,0.426,0.455,0.343,0.268,0.534,0.454,-0.314,0.23,0.436,0.458,0.081,0.435,0.469,0.402,0.447,0.552
2007/07/01,0.305,0.581,0.64,0.327,0.41,0.463,0.428,0.445,0.753,0.127,0.21,0.598,0.414,0.406,0.194,0.334,0.269,0.373,0.543,0.378,0.383,0.578,0.396,0.292,0.525,0.368,0.244,0.406,0.503,0.17,0.184,0.456,0.246,0.527,0.279,0.05,0.321,0.415,0.24,0.569,0.338,-0.187,0,0.051,0.64,0.512,0.255,0.305,0.635,0.039,0.054,0.466,0.393,0.24,0.378,0.373,0.467,0.416,0.478,0.936,-0.247,0.296,0.555,0.549,0.152,0.333,0.35,0.395,0.572,0.629
2007/08/01,0.062,0.29,0.245,0.029,0.184,0.237,0.223,0.004,0.223,0.005,0.07,0.251,0.212,-0.003,0.132,0.197,0.072,0.04,0.323,0.077,0.179,0.299,0.027,0.104,0.143,0.079,0.135,0.209,0.34,-0.032,0.039,0.182,0.037,0.341,0.001,-0.182,0.307,0.114,0.174,0.231,0.157,-0.227,0.179,-0.031,0.211,0.273,0.046,0.21,0.171,0.105,0.072,0.327,0.24,-0.07,0.2,0.072,0.334,0.137,-0.013,0.725,-0.309,0.165,0.3,0.315,-0.027,0.395,0.285,0.249,0.312,0.308
2007/09/01,-0.15,-0.178,-0.01,-0.156,-0.031,-0.09,-0.121,-0.214,0.175,-0.256,-0.15,0.02,0.007,0.01,-0.004,-0.028,0.09,0.012,0.09,-0.044,-0.01,0.077,-0.135,-0.136,0.095,-0.174,-0.272,0.026,0.209,-0.2,0.026,0.004,-0.118,0.212,-0.217,-0.372,0.064,0.005,-0.194,-0.021,-0.048,-0.263,-0.028,-0.307,0.14,0.006,-0.04,-0.375,0.084,-0.074,-0.152,0.151,-0.019,-0.027,-0.129,-0.046,0.149,-0.085,0.029,0.128,-0.224,0.014,0.195,0.147,-0.238,0,0.169,-0.009,0.038,-0.091
2007/10/01,-0.029,-0.252,0.022,-0.3,-0.083,-0.17,-0.028,-0.233,-0.151,-0.173,-0.223,-0.07,0.013,-0.161,0.095,-0.272,0.089,-0.104,-0.043,0.017,-0.125,0.006,-0.329,-0.17,-0.169,-0.207,-0.44,0.091,0.125,-0.296,-0.215,-0.102,-0.387,0.124,-0.272,-0.297,-0.277,-0.117,-0.326,-0.213,-0.205,-0.457,-0.051,-0.199,0.252,-0.184,-0.305,-0.096,-0.043,0.123,-0.23,-0.017,0.146,0.124,-0.219,-0.127,-0.007,-0.128,0.071,0.104,-0.328,-0.043,0.023,0.077,-0.271,-0.277,-0.009,-0.233,-0.332,-0.308
2007/11/01,-0.393,-0.395,-0.172,-0.301,-0.281,-0.289,-0.163,-0.338,-0.212,-0.35,-0.39,-0.308,-0.24,-0.372,-0.146,0.004,-0.373,-0.372,-0.153,-0.339,-0.319,-0.266,-0.577,-0.415,-0.389,-0.396,-0.548,-0.198,-0.218,-0.395,-0.436,-0.236,-0.313,-0.218,-0.481,-0.397,-0.452,-0.381,-0.473,-0.421,-0.378,-0.582,-0.423,-0.367,-0.266,-0.331,-0.293,-0.15,-0.036,-0.137,-0.266,-0.302,-0.162,-0.334,-0.428,-0.286,-0.301,-0.321,-0.23,-0.268,-0.236,-0.353,0.048,-0.106,-0.386,-0.434,-0.093,-0.473,-0.216,-0.41
2007/12/01,-0.423,-0.437,-0.187,-0.361,-0.412,-0.426,-0.387,-0.33,-0.353,-0.386,-0.467,-0.466,-0.423,-0.492,-0.343,-0.258,-0.582,-0.373,-0.459,-0.342,-0.43,-0.325,-0.595,-0.496,-0.511,-0.536,-0.297,-0.396,-0.406,-0.382,-0.424,-0.357,-0.23,-0.411,-0.545,-0.546,-0.516,-0.595,-0.539,-0.688,-0.621,-0.666,-0.362,-0.323,-0.341,-0.442,-0.226,-0.191,-0.201,-0.393,-0.419,-0.401,-0.393,-0.537,-0.497,-0.549,-0.395,-0.516,-0.283,-0.553,-0.455,-0.392,-0.52,-0.341,-0.328,-0.547,-0.378,-0.512,-0.528,-0.624
2008/01/01,-0.423,-0.022,-0.218,-0.197,-0.171,-0.247,-0.006,-0.24,-0.102,-0.128,-0.283,-0.433,-0.256,-0.257,-0.197,-0.002,-0.036,-0.349,-0.011,-0.184,-0.006,0.102,-0.337,-0.392,0.005,-0.273,-0.089,-0.212,-0.053,-0.338,-0.437,-0.215,-0.301,-0.053,-0.073,-0.311,-0.477,-0.172,-0.194,-0.339,-0.189,-0.309,-0.202,-0.308,-0.11,-0.003,-0.284,-0.258,-0.099,-0.061,-0.154,-0.097,-0.323,-0.17,-0.483,-0.141,-0.094,0.02,-0.32,-0.048,-0.422,-0.075,0,0.187,-0.32,0.035,-0.178,-0.176,-0.136,0.021
2008/02/01,-0.302,-0.185,-0.265,-0.257,-0.258,-0.107,-0.106,-0.398,-0.176,-0.091,-0.384,-0.486,-0.265,-0.233,-0.175,-0.043,-0.189,-0.382,-0.183,-0.258,-0.119,0.049,-0.488,-0.353,-0.044,-0.299,-0.348,-0.229,-0.218,-0.355,-0.457,-0.168,-0.423,-0.228,-0.179,-0.399,-0.559,-0.363,-0.241,-0.371,-0.288,-0.447,-0.349,-0.237,-0.114,-0.093,-0.456,-0.368,-0.234,-0.18,-0.327,-0.287,-0.268,-0.114,-0.518,-0.147,-0.282,-0.094,-0.031,-0.027,-0.398,-0.013,-0.067,0.174,-0.299,-0.022,-0.284,-0.217,-0.012,-0.183
2008/03/01,-0.271,-0.379,-0.059,-0.103,-0.113,-0.151,-0.198,-0.318,0.024,-0.009,-0.392,-0.508,-0.238,-0.28,-0.121,0.051,-0.201,-0.352,-0.13,-0.196,-0.222,0.034,-0.538,-0.204,-0.208,-0.297,-0.279,-0.154,-0.124,-0.379,-0.554,-0.205,-0.475,-0.124,-0.248,-0.471,-0.582,-0.106,-0.04,-0.197,-0.209,-0.504,-0.276,-0.159,0.018,-0.079,-0.44,-0.302,-0.192,-0.161,-0.157,-0.242,-0.19,-0.218,-0.476,-0.109,-0.244,-0.038,-0.062,-0.209,-0.486,-0.06,-0.077,0.042,-0.332,-0.068,-0.298,-0.122,0.011,-0.15
2008/04/01,-0.271,-0.258,-0.206,-0.27,-0.18,-0.071,-0.303,-0.287,-0.082,0.03,-0.484,-0.573,-0.271,-0.385,-0.231,-0.172,-0.277,-0.297,-0.22,-0.248,-0.308,-0.12,-0.532,-0.259,-0.28,-0.385,-0.391,-0.215,-0.28,-0.425,-0.533,-0.322,-0.499,-0.278,-0.337,-0.408,-0.699,0.006,-0.093,-0.198,-0.37,-0.443,-0.434,-0.265,-0.37,-0.186,-0.483,-0.234,-0.22,-0.308,-0.221,-0.31,-0.189,-0.156,-0.547,-0.312,-0.303,-0.191,0.018,-0.301,-0.543,0.063,-0.132,-0.078,-0.363,-0.336,-0.34,-0.149,-0.125,-0.242
2008/05/01,-0.271,-0.549,-0.093,-0.222,-0.32,-0.305,-0.346,-0.514,-0.16,-0.439,-0.484,-0.576,-0.395,-0.466,-0.273,-0.368,-0.397,-0.383,-0.441,-0.412,-0.444,-0.222,-0.409,-0.235,-0.324,-0.438,-0.513,-0.345,-0.339,-0.479,-0.623,-0.38,-0.413,-0.347,-0.427,-0.475,-0.762,-0.202,-0.226,-0.276,-0.613,-0.551,-0.374,-0.463,-0.424,-0.178,-0.428,-0.486,-0.098,-0.297,-0.438,-0.333,-0.449,-0.407,-0.553,-0.286,-0.332,-0.312,-0.303,-0.128,-0.596,0.058,-0.358,-0.243,-0.385,-0.265,-0.447,-0.206,-0.138,-0.41
2008/06/01,-0.393,-0.653,-0.421,-0.367,-0.345,-0.151,-0.345,-0.565,0.148,-0.376,-0.512,-0.57,-0.391,-0.423,-0.233,-0.248,-0.444,-0.41,-0.393,-0.355,-0.431,-0.235,-0.325,-0.112,-0.305,-0.56,-0.294,-0.304,-0.332,-0.496,-0.643,-0.354,-0.568,-0.335,-0.401,-0.619,-0.778,-0.118,-0.211,-0.304,-0.439,-0.437,-0.34,-0.503,-0.219,-0.141,-0.585,-0.603,-0.178,-0.382,-0.425,-0.363,-0.326,-0.408,-0.529,-0.293,-0.354,-0.318,-0.15,-0.202,-0.617,-0.062,-0.402,-0.166,-0.48,-0.422,-0.457,-0.079,-0.352,-0.214
2008/07/01,-0.453,-0.611,-0.362,-0.407,-0.34,-0.359,-0.366,-0.561,-0.136,-0.448,-0.529,-0.61,-0.488,-0.353,-0.257,-0.424,-0.635,-0.449,-0.385,-0.514,-0.457,-0.279,-0.612,-0.2,-0.321,-0.427,-0.553,-0.397,-0.398,-0.589,-0.809,-0.361,-0.627,-0.39,-0.433,-0.582,-0.809,-0.173,-0.152,-0.188,-0.519,-0.625,-0.601,-0.664,-0.53,-0.131,-0.551,-0.528,-0.095,-0.109,-0.447,-0.412,-0.403,-0.534,-0.54,-0.264,-0.4,-0.35,-0.365,-0.367,-0.66,-0.303,-0.474,-0.24,-0.617,-0.404,-0.417,-0.105,-0.186,-0.174
2008/08/01,-0.605,-0.629,-0.508,-0.515,-0.359,-0.44,-0.482,-0.606,-0.226,-0.594,-0.619,-0.691,-0.528,-0.522,-0.427,-0.518,-0.544,-0.564,-0.472,-0.469,-0.561,-0.38,-0.605,-0.346,-0.491,-0.456,-0.567,-0.471,-0.502,-0.622,-0.857,-0.472,-0.728,-0.498,-0.572,-0.608,-0.812,-0.44,-0.205,-0.407,-0.748,-0.407,-0.56,-0.463,-0.434,-0.303,-0.709,-0.501,-0.256,-0.348,-0.54,-0.56,-0.557,-0.567,-0.654,-0.441,-0.558,-0.485,-0.458,-0.408,-0.638,-0.155,-0.577,-0.346,-0.403,-0.49,-0.436,-0.341,-0.461,-0.558
2008/09/01,-0.696,-0.703,-0.531,-0.518,-0.582,-0.561,-0.702,-0.573,-0.252,-0.606,-0.61,-0.75,-0.568,-0.53,-0.419,-0.626,-0.657,-0.63,-0.536,-0.635,-0.64,-0.577,-0.721,-0.584,-0.685,-0.593,-0.638,-0.576,-0.439,-0.624,-0.795,-0.526,-0.632,-0.442,-0.66,-0.683,-0.802,-0.797,-0.612,-0.614,-0.622,-0.765,-0.702,-0.71,-0.451,-0.464,-0.663,-0.558,-0.491,-0.432,-0.535,-0.631,-0.438,-0.657,-0.787,-0.577,-0.627,-0.564,-0.597,-0.361,-0.756,-0.469,-0.538,-0.524,-0.672,-0.72,-0.483,-0.584,-0.608,-0.349
2008/10/01,-0.787,-0.845,-0.708,-0.668,-0.712,-0.673,-0.753,-0.762,-0.596,-0.813,-0.702,-0.79,-0.539,-0.684,-0.357,-0.804,-0.685,-0.674,-0.671,-0.668,-0.795,-0.74,-0.835,-0.699,-0.802,-0.728,-0.636,-0.547,-0.608,-0.733,-0.818,-0.658,-0.72,-0.612,-0.887,-0.756,-0.869,-0.884,-0.719,-0.818,-0.623,-0.742,-0.694,-0.666,-0.484,-0.634,-0.735,-0.762,-0.677,-0.717,-0.707,-0.711,-0.552,-0.667,-0.799,-0.625,-0.711,-0.804,-0.682,-0.61,-0.782,-0.722,-0.771,-0.72,-0.62,-0.821,-0.641,-0.712,-0.712,-0.705
2008/11/01,-0.938,-0.815,-0.776,-0.711,-0.751,-0.762,-0.782,-0.698,-0.641,-0.889,-0.712,-0.818,-0.466,-0.712,-0.723,-0.669,-0.801,-0.728,-0.736,-0.716,-0.911,-0.873,-0.978,-0.844,-0.886,-0.799,-0.848,-0.584,-0.843,-0.799,-0.821,-0.804,-0.645,-0.85,-0.965,-0.771,-0.869,-0.843,-0.765,-0.945,-0.678,-0.776,-0.805,-0.789,-0.682,-0.753,-0.631,-0.573,-0.853,-0.654,-0.87,-0.799,-0.585,-0.723,-0.816,-0.798,-0.799,-0.885,-0.84,-0.917,-0.792,-0.76,-0.768,-0.748,-0.768,-0.797,-0.721,-0.809,-0.961,-0.885
2008/12/01,-0.969,-0.802,-0.739,-0.779,-0.72,-0.774,-0.867,-0.733,-0.927,-0.954,-0.75,-0.822,-0.708,-0.778,-0.664,-0.782,-0.852,-0.717,-0.841,-0.792,-0.912,-0.88,-0.992,-0.821,-0.88,-0.866,-0.612,-0.678,-0.812,-0.783,-0.709,-0.813,-0.713,-0.835,-0.983,-0.782,-0.869,-0.867,-0.855,-1.08,-0.545,-0.834,-0.79,-0.858,-0.769,-0.792,-0.702,-0.777,-0.587,-0.721,-0.921,-0.783,-0.707,-0.831,-0.792,-0.822,-0.787,-0.895,-0.733,-0.985,-0.764,-0.882,-1.05,-0.808,-0.834,-0.871,-0.694,-0.799,-0.974,-0.886
2009/01/01,-1.029,-0.72,-0.737,-0.693,-0.686,-0.714,-0.775,-0.814,-0.523,-0.589,-0.636,-0.81,-0.739,-0.676,-0.829,-0.835,-0.845,-0.616,-0.604,-0.748,-0.718,-0.654,-0.802,-0.762,-0.721,-0.713,-0.781,-0.677,-0.579,-0.737,-0.735,-0.725,-0.689,-0.585,-0.736,-0.715,-0.869,-0.678,-0.619,-0.848,-0.337,-0.778,-0.766,-0.865,-0.764,-0.538,-0.69,-0.786,-0.746,-0.602,-0.762,-0.551,-0.698,-0.812,-0.843,-0.668,-0.549,-0.651,-0.779,-0.695,-0.781,-0.829,-0.722,-0.598,-0.837,-0.539,-0.528,-0.674,-0.841,-0.321
2009/02/01,-0.878,-0.754,-0.801,-0.668,-0.676,-0.644,-0.694,-0.745,-0.647,-0.532,-0.629,-0.816,-0.798,-0.716,-0.807,-0.546,-0.554,-0.705,-0.601,-0.762,-0.748,-0.678,-0.794,-0.692,-0.767,-0.652,-0.784,-0.758,-0.62,-0.736,-0.644,-0.73,-0.664,-0.637,-0.697,-0.745,-0.869,-0.668,-0.675,-0.741,-0.402,-0.71,-0.72,-0.678,-0.797,-0.551,-0.654,-0.688,-0.767,-0.662,-0.64,-0.623,-0.631,-0.601,-0.814,-0.66,-0.619,-0.632,-0.798,-0.554,-0.796,-0.762,-0.788,-0.561,-0.796,-0.675,-0.612,-0.634,-0.814,-0.655
2009/03/01,-0.817,-0.622,-0.737,-0.641,-0.706,-0.519,-0.649,-0.775,-0.62,-0.55,-0.694,-0.817,-0.704,-0.645,-0.823,-0.702,-0.783,-0.734,-0.571,-0.762,-0.708,-0.674,-0.742,-0.685,-0.702,-0.624,-0.638,-0.612,-0.529,-0.785,-0.776,-0.69,-0.677,-0.529,-0.701,-0.699,-0.869,-0.461,-0.555,-0.614,-0.291,-0.799,-0.832,-0.655,-0.805,-0.59,-0.677,-0.817,-0.665,-0.605,-0.632,-0.547,-0.629,-0.656,-0.828,-0.662,-0.535,-0.651,-0.553,-0.808,-0.75,-0.593,-0.789,-0.597,-0.811,-0.551,-0.546,-0.514,-0.739,-0.566
2009/04/01,-0.787,-0.702,-0.627,-0.642,-0.691,-0.684,-0.751,-0.732,-0.616,-0.636,-0.772,-0.845,-0.758,-0.687,-0.797,-0.646,-0.768,-0.787,-0.593,-0.799,-0.757,-0.677,-0.764,-0.682,-0.66,-0.721,-0.746,-0.659,-0.51,-0.791,-0.755,-0.724,-0.556,-0.511,-0.654,-0.742,-0.869,-0.562,-0.545,-0.609,-0.579,-0.767,-0.739,-0.668,-0.873,-0.562,-0.579,-0.792,-0.815,-0.649,-0.616,-0.607,-0.708,-0.718,-0.82,-0.65,-0.605,-0.657,-0.727,-0.758,-0.772,-0.579,-0.714,-0.624,-0.822,-0.701,-0.584,-0.627,-0.726,-0.677
2009/05/01,-0.726,-0.704,-0.63,-0.651,-0.741,-0.8,-0.752,-0.804,-0.611,-0.817,-0.769,-0.847,-0.765,-0.786,-0.877,-0.567,-0.917,-0.782,-0.709,-0.775,-0.764,-0.686,-0.778,-0.753,-0.758,-0.734,-0.829,-0.803,-0.656,-0.765,-0.684,-0.759,-0.679,-0.653,-0.758,-0.683,-0.869,-0.636,-0.612,-0.546,-0.559,-0.787,-0.926,-0.737,-0.866,-0.552,-0.662,-0.793,-0.782,-0.679,-0.43,-0.592,-0.787,-0.871,-0.824,-0.662,-0.593,-0.706,-0.783,-0.714,-0.704,-0.638,-0.874,-0.697,-0.727,-0.791,-0.651,-0.727,-0.836,-0.588
2009/06/01,-0.635,-0.838,-0.68,-0.66,-0.764,-0.621,-0.729,-0.799,-0.769,-0.737,-0.799,-0.827,-0.771,-0.766,-0.807,-0.684,-0.703,-0.797,-0.62,-0.822,-0.753,-0.699,-0.784,-0.677,-0.761,-0.759,-0.587,-0.777,-0.574,-0.787,-0.714,-0.705,-0.857,-0.577,-0.76,-0.678,-0.825,-0.717,-0.663,-0.532,-0.615,-0.574,-0.822,-0.774,-0.824,-0.624,-0.809,-0.685,-0.661,-0.673,-0.728,-0.636,-0.737,-0.705,-0.831,-0.728,-0.63,-0.674,-0.653,-0.589,-0.681,-0.627,-0.71,-0.757,-0.783,-0.654,-0.594,-0.702,-0.722,-0.514
2009/07/01,-0.605,-0.823,-0.699,-0.711,-0.753,-0.706,-0.705,-0.841,-0.743,-0.721,-0.755,-0.837,-0.787,-0.76,-0.945,-0.714,-0.823,-0.798,-0.548,-0.825,-0.701,-0.683,-0.715,-0.684,-0.675,-0.637,-0.798,-0.805,-0.642,-0.786,-0.726,-0.755,-0.747,-0.631,-0.675,-0.681,-0.869,-0.764,-0.72,-0.477,-0.727,-0.756,-0.812,-0.8,-0.787,-0.69,-0.751,-0.778,-0.641,-0.586,-0.775,-0.563,-0.813,-0.809,-0.8,-0.737,-0.551,-0.707,-0.876,-0.604,-0.706,-0.827,-0.838,-0.714,-0.831,-0.537,-0.577,-0.642,-0.728,-0.417
2009/08/01,-0.665,-0.806,-0.743,-0.747,-0.789,-0.835,-0.756,-0.806,-0.892,-0.764,-0.817,-0.874,-0.817,-0.794,-0.943,-0.735,-0.727,-0.815,-0.544,-0.76,-0.692,-0.724,-0.707,-0.787,-0.732,-0.664,-0.716,-0.85,-0.711,-0.771,-0.799,-0.795,-0.803,-0.702,-0.723,-0.714,-0.815,-0.721,-0.768,-0.58,-0.732,-0.643,-0.892,-0.846,-0.81,-0.711,-0.735,-0.696,-0.863,-0.779,-0.606,-0.615,-0.822,-0.765,-0.844,-0.764,-0.611,-0.723,-0.877,-0.77,-0.723,-0.755,-0.851,-0.717,-0.869,-0.548,-0.629,-0.668,-0.76,-0.539
2009/09/01,-0.847,-0.884,-0.796,-0.776,-0.825,-0.914,-0.793,-0.81,-0.736,-0.923,-0.81,-0.893,-0.831,-0.812,-0.902,-0.68,-0.836,-0.828,-0.65,-0.771,-0.78,-0.839,-0.694,-0.852,-0.85,-0.766,-0.683,-0.86,-0.723,-0.807,-0.725,-0.858,-0.773,-0.72,-0.803,-0.741,-0.801,-0.876,-0.837,-0.571,-0.884,-0.756,-0.842,-0.89,-0.894,-0.791,-0.794,-0.83,-0.895,-0.668,-0.723,-0.665,-0.803,-0.787,-0.869,-0.841,-0.661,-0.838,-0.871,-0.753,-0.8,-0.83,-0.686,-0.847,-0.843,-0.854,-0.688,-0.785,-0.94,-0.654
2009/10/01,-0.756,-0.893,-0.826,-0.831,-0.85,-0.81,-0.537,-0.818,-0.797,-0.894,-0.831,-0.898,-0.861,-0.891,-0.864,-0.908,-0.789,-0.844,-0.745,-0.755,-0.811,-0.897,-0.796,-0.868,-0.801,-0.746,-0.761,-0.854,-0.867,-0.812,-0.788,-0.843,-0.738,-0.855,-0.902,-0.753,-0.81,-0.932,-0.884,-0.66,-0.728,-0.782,-0.762,-0.872,-0.923,-0.86,-0.656,-0.774,-0.934,-0.786,-0.813,-0.74,-0.801,-0.813,-0.854,-0.853,-0.741,-0.874,-0.783,-0.931,-0.837,-0.813,-0.778,-0.841,-0.85,-0.866,-0.701,-0.875,-1.004,-0.706
2009/11/01,-0.969,-0.952,-0.864,-0.841,-0.885,-0.989,-0.863,-0.845,-0.888,-1.036,-0.716,-0.902,-0.85,-0.879,-0.927,-0.872,-0.805,-0.897,-0.81,-0.882,-0.881,-0.961,-0.839,-0.933,-0.866,-0.78,-0.835,-0.932,-0.96,-0.823,-0.726,-0.851,-0.908,-0.963,-0.918,-0.771,-0.822,-1.051,-0.934,-0.85,-0.925,-0.818,-0.837,-0.906,-0.879,-0.934,-0.869,-1.07,-0.93,-0.917,-0.787,-0.811,-0.877,-0.97,-0.879,-0.885,-0.816,-0.909,-0.931,-0.962,-0.803,-0.883,-0.761,-0.949,-0.922,-0.968,-0.811,-0.888,-0.981,-0.842
2009/12/01,-1.029,-0.914,-1.02,-0.863,-0.918,-1.069,-0.932,-0.882,-1.034,-1.06,-0.867,-0.91,-0.916,-0.925,-0.962,-0.915,-0.902,-0.883,-0.933,-0.902,-0.924,-1.04,-0.875,-1.025,-0.944,-0.972,-0.937,-1.004,-0.97,-0.846,-0.776,-0.894,-0.909,-0.974,-0.986,-0.811,-0.827,-1.081,-0.962,-0.984,-0.895,-0.837,-0.814,-1.016,-0.912,-1.005,-0.905,-1.07,-1.119,-0.945,-0.815,-0.92,-0.902,-0.955,-0.857,-0.98,-0.924,-1.04,-1.025,-1.238,-0.809,-0.989,-1.164,-1.021,-0.998,-1.132,-0.848,-0.979,-1.001,-1.039
2010/01/01,-1.029,-0.856,-0.726,-0.771,-0.857,-0.928,-0.793,-0.881,-0.972,-0.922,-0.83,-0.901,-0.895,-0.858,-0.937,-0.821,-0.799,-0.878,-0.725,-0.872,-0.684,-0.786,-0.77,-0.907,-0.669,-0.784,-0.857,-0.961,-0.822,-0.792,-0.704,-0.783,-0.845,-0.818,-0.696,-0.724,-0.826,-0.825,-0.906,-0.87,-0.756,-0.839,-0.779,-0.783,-0.921,-0.873,-0.792,-0.843,-1.166,-0.873,-0.746,-0.746,-0.889,-0.903,-0.841,-0.807,-0.746,-0.787,-0.89,-0.912,-0.814,-0.916,-0.865,-0.792,-0.88,-0.953,-0.795,-0.877,-0.89,-0.739
2010/02/01,-0.938,-0.899,-0.735,-0.788,-0.865,-0.915,-0.874,-0.814,-1.005,-0.839,-0.861,-0.888,-0.882,-0.842,-0.889,-0.843,-0.697,-0.909,-0.707,-0.77,-0.768,-0.844,-0.732,-0.88,-0.815,-0.787,-0.775,-0.933,-0.876,-0.8,-0.651,-0.82,-0.836,-0.88,-0.764,-0.776,-0.869,-0.894,-0.904,-0.816,-0.82,-0.786,-0.8,-0.741,-0.963,-0.913,-0.796,-0.766,-1.131,-0.872,-0.751,-0.823,-0.831,-0.824,-0.857,-0.797,-0.829,-0.809,-0.927,-0.921,-0.849,-0.909,-0.91,-0.85,-0.867,-0.902,-0.787,-0.84,-0.813,-0.748
2010/03/01,-0.665,-0.929,-0.851,-0.744,-0.864,-0.797,-0.857,-0.808,-0.911,-0.828,-0.833,-0.892,-0.832,-0.821,-0.946,-0.801,-0.646,-0.91,-0.646,-0.706,-0.779,-0.852,-0.73,-0.798,-0.831,-0.727,-0.847,-0.859,-0.805,-0.781,-0.556,-0.825,-0.901,-0.795,-0.721,-0.751,-0.869,-0.843,-0.878,-0.636,-0.787,-0.815,-0.742,-0.669,-0.912,-0.91,-0.82,-0.794,-1.099,-0.891,-0.732,-0.792,-0.834,-0.696,-0.853,-0.797,-0.795,-0.784,-0.814,-0.988,-0.828,-0.837,-0.779,-0.841,-0.789,-0.814,-0.748,-0.91,-0.765,-0.709
2010/04/01,-0.514,-0.891,-0.769,-0.796,-0.887,-0.826,-0.867,-0.841,-0.712,-0.696,-0.914,-0.898,-0.855,-0.859,-0.878,-0.815,-0.7,-0.897,-0.676,-0.739,-0.826,-0.882,-0.763,-0.764,-0.912,-0.79,-0.823,-0.869,-0.827,-0.778,-0.593,-0.873,-0.886,-0.821,-0.788,-0.833,-0.869,-0.825,-0.859,-0.34,-0.914,-0.787,-0.729,-0.692,-0.916,-0.885,-0.825,-0.739,-1.067,-0.885,-0.889,-0.831,-0.839,-0.834,-0.851,-0.872,-0.83,-0.814,-0.818,-0.906,-0.818,-0.678,-0.664,-0.878,-0.837,-0.858,-0.824,-0.82,-0.968,-0.732
2010/05/01,-0.969,-0.962,-0.848,-0.875,-0.922,-0.827,-0.95,-0.886,-0.864,-0.984,-0.865,-0.895,-0.947,-0.895,-0.921,-0.84,-0.763,-0.946,-0.856,-0.84,-0.895,-0.952,-0.766,-0.778,-0.856,-0.871,-0.832,-0.956,-0.929,-0.805,-0.499,-0.902,-0.862,-0.922,-0.901,-0.802,-0.869,-0.847,-0.921,-0.771,-0.982,-0.85,-0.858,-0.886,-0.923,-0.885,-0.784,-1.07,-1.09,-0.903,-0.922,-0.887,-0.88,-0.809,-0.888,-0.929,-0.885,-0.856,-0.785,-0.996,-0.838,-0.831,-0.867,-0.969,-0.897,-0.926,-0.852,-0.899,-0.897,-0.849
2010/06/01,-0.908,-0.916,-0.904,-0.9,-0.934,-0.75,-0.894,-0.914,-0.926,-1.063,-0.874,-0.88,-0.91,-0.879,-0.943,-0.868,-0.866,-0.908,-0.816,-0.808,-0.903,-0.946,-0.781,-0.692,-0.818,-0.882,-0.934,-0.92,-0.79,-0.848,-0.519,-0.887,-0.868,-0.782,-0.84,-0.816,-0.869,-0.839,-0.942,-0.737,-0.852,-0.883,-0.863,-0.869,-0.9,-0.868,-0.815,-1.07,-1.033,-0.831,-0.937,-0.852,-0.868,-0.882,-0.868,-0.887,-0.845,-0.898,-0.784,-1.026,-0.855,-0.859,-0.859,-0.924,-0.894,-0.937,-0.819,-0.88,-0.79,-0.839
2010/07/01,-0.969,-0.923,-1.069,-0.967,-0.893,-0.804,-0.98,-0.858,-0.951,-0.813,-0.873,-0.888,-0.975,-0.899,-0.937,-0.89,-0.826,-0.888,-0.988,-0.847,-0.971,-0.977,-0.811,-0.799,-0.951,-0.906,-0.819,-1.016,-1.015,-0.843,-0.759,-0.913,-0.854,-1.006,-0.917,-0.831,-0.869,-0.872,-0.852,-0.874,-0.942,-0.851,-0.874,-0.924,-0.924,-0.902,-0.878,-0.808,-1.047,-0.891,-0.953,-0.934,-0.92,-0.935,-0.868,-0.922,-0.93,-0.905,-0.851,-0.86,-0.844,-0.863,-0.945,-1.013,-0.916,-0.858,-0.944,-0.876,-0.865,-0.86
2010/08/01,-1.06,-0.939,-1.035,-0.948,-0.934,-0.862,-0.956,-0.877,-1.046,-0.975,-0.875,-0.904,-0.98,-0.913,-0.954,-0.924,-0.79,-0.931,-1.003,-0.86,-0.984,-0.996,-0.87,-0.872,-0.965,-0.906,-0.892,-1.016,-0.932,-0.854,-0.927,-0.924,-0.867,-0.927,-0.918,-0.866,-0.869,-0.934,-0.872,-0.95,-0.786,-0.849,-1,-0.925,-0.953,-0.93,-0.846,-0.801,-0.966,-0.916,-0.909,-0.897,-0.912,-0.913,-0.893,-0.923,-0.897,-0.898,-0.872,-0.862,-0.851,-0.912,-0.993,-0.982,-0.852,-1.086,-0.932,-0.868,-1.018,-0.945
2010/09/01,-0.999,-0.987,-1.022,-0.971,-0.945,-1.04,-1.029,-0.94,-1.074,-1.001,-0.905,-0.917,-1.017,-0.925,-0.976,-0.98,-0.831,-0.929,-1.101,-0.901,-1.07,-1.091,-0.93,-0.929,-1.055,-0.937,-0.971,-1.063,-1.016,-0.871,-0.981,-0.968,-0.889,-1.015,-1.016,-0.865,-0.869,-1.075,-0.951,-0.978,-0.897,-0.821,-0.984,-0.875,-0.975,-0.984,-0.866,-0.879,-1.093,-0.977,-0.838,-0.99,-0.958,-0.918,-0.898,-0.956,-0.996,-1.024,-1.1,-1.114,-0.858,-0.956,-0.95,-1.09,-0.858,-1.122,-0.997,-0.932,-1.041,-1.013
2010/10/01,-1.06,-0.981,-0.997,-0.959,-0.985,-1.137,-1.028,-0.881,-1.09,-0.915,-0.925,-0.929,-1.024,-0.96,-0.995,-0.992,-0.956,-0.964,-1.145,-0.974,-1.092,-1.124,-1.018,-1.012,-1.042,-1.005,-0.993,-1.067,-1.12,-0.88,-0.994,-0.994,-0.928,-1.123,-1.053,-0.844,-0.869,-1.086,-0.982,-1.058,-0.962,-0.804,-0.883,-0.971,-0.999,-1.046,-0.86,-0.842,-1.142,-1.03,-0.963,-1.024,-0.974,-0.955,-0.893,-1.036,-1.028,-1.05,-1.093,-1.019,-0.829,-0.895,-1.045,-1.119,-0.935,-1.104,-1.026,-0.964,-1.038,-1.167
2010/11/01,-1.151,-0.988,-1.09,-0.967,-0.981,-1.126,-1.035,-0.922,-1.227,-1.217,-0.93,-0.93,-1.057,-0.975,-0.987,-0.948,-0.986,-0.967,-1.189,-0.991,-1.126,-1.18,-1.092,-1.11,-1.113,-1.059,-0.971,-1.115,-1.095,-0.898,-1.088,-1.014,-0.946,-1.112,-1.123,-0.876,-0.869,-1.087,-1.017,-1.155,-0.968,-0.929,-0.843,-0.96,-0.983,-1.066,-0.882,-0.854,-1.259,-1.048,-1.107,-1.082,-1.001,-0.981,-0.928,-1.049,-1.085,-1.11,-1.085,-1.225,-0.859,-1.011,-1.078,-1.159,-0.968,-1.167,-1.064,-1.046,-1.102,-1.316
2010/12/01,-1.06,-1.008,-1.096,-1.008,-1.008,-1.067,-1.121,-0.926,-1.093,-1.176,-0.932,-0.939,-1.063,-1.004,-1.007,-1.077,-1.03,-0.977,-1.233,-1.036,-1.157,-1.224,-1.169,-1.161,-1.178,-1.15,-1.063,-1.14,-1.204,-0.895,-1.099,-1.049,-0.938,-1.215,-1.177,-0.898,-0.869,-1.085,-1.041,-1.245,-1.05,-0.896,-1.014,-1.072,-1.15,-1.099,-0.886,-1.07,-1.107,-1.087,-1.171,-1.135,-0.995,-0.969,-0.901,-1.072,-1.14,-1.234,-1.079,-1.135,-0.875,-1.017,-1.374,-1.212,-1.018,-1.196,-1.093,-1.003,-1.189,-1.333
2011/01/01,-1.12,-0.928,-0.972,-0.935,-0.971,-0.933,-0.924,-0.914,-0.961,-0.96,-0.888,-0.925,-0.994,-0.936,-1.026,-0.979,-0.861,-0.955,-0.926,-0.934,-0.917,-0.959,-0.808,-1.015,-0.879,-0.885,-0.859,-1.044,-1.007,-0.864,-0.955,-0.952,-0.867,-1.002,-0.835,-0.862,-0.869,-0.95,-0.948,-1.034,-0.956,-0.828,-0.943,-0.89,-0.972,-0.94,-0.924,-0.891,-0.873,-0.986,-0.951,-0.964,-1.039,-0.868,-0.895,-0.916,-0.968,-0.92,-0.939,-0.813,-0.839,-0.95,-0.896,-0.941,-0.871,-0.656,-0.955,-0.919,-0.837,-0.881
2011/02/01,-1.09,-0.939,-0.979,-0.946,-0.982,-0.86,-0.986,-0.861,-0.888,-0.864,-0.9,-0.923,-0.977,-0.962,-0.941,-0.972,-0.886,-0.954,-0.963,-0.884,-0.945,-0.974,-0.76,-0.938,-0.943,-0.871,-0.91,-0.996,-1.052,-0.854,-0.847,-0.934,-0.943,-1.048,-0.85,-0.845,-0.869,-0.94,-0.974,-0.98,-1.07,-0.844,-0.846,-0.779,-1.01,-0.923,-0.982,-0.866,-1.052,-1.024,-0.968,-0.989,-1.028,-0.866,-0.894,-0.887,-0.99,-0.944,-0.832,-0.816,-0.832,-0.911,-1.007,-0.973,-0.821,-0.669,-0.955,-0.934,-0.977,-0.889
2011/03/01,-0.908,-0.951,-0.994,-0.943,-0.961,-0.871,-0.92,-0.892,-0.9,-0.753,-0.91,-0.921,-0.938,-0.942,-0.933,-0.916,-0.888,-0.955,-0.875,-0.805,-0.933,-0.983,-0.724,-0.825,-0.925,-0.834,-0.832,-0.856,-0.979,-0.874,-0.794,-0.971,-0.931,-0.965,-0.871,-0.844,-0.869,-0.825,-0.919,-0.903,-1.058,-0.936,-0.727,-0.763,-0.992,-0.932,-0.924,-0.846,-0.983,-0.943,-0.854,-0.95,-0.986,-0.924,-0.899,-0.903,-0.95,-0.925,-0.846,-0.829,-0.869,-0.834,-0.884,-0.978,-0.802,-0.689,-0.993,-0.955,-0.9,-0.856
2011/04/01,-0.847,-0.972,-0.962,-0.945,-0.967,-0.937,-0.933,-0.932,-0.889,-0.623,-0.93,-0.924,-0.94,-0.92,-0.968,-0.98,-0.941,-0.939,-0.953,-0.858,-0.966,-1.002,-0.918,-0.846,-0.956,-0.895,-0.895,-0.944,-0.988,-0.878,-1.028,-0.928,-0.979,-0.982,-0.881,-0.822,-0.869,-0.797,-0.935,-0.892,-1.017,-0.789,-0.818,-0.766,-1.018,-0.927,-1.001,-0.926,-0.88,-1,-0.918,-1.009,-1.043,-0.934,-0.881,-0.88,-1.005,-0.954,-0.896,-0.774,-0.842,-0.767,-0.886,-0.982,-0.809,-0.809,-1.056,-0.933,-0.904,-0.882
2011/05/01,-0.908,-0.963,-0.981,-0.909,-0.966,-0.955,-0.961,-0.91,-0.862,-0.941,-0.931,-0.922,-0.966,-0.931,-0.978,-0.956,-0.943,-0.938,-0.998,-0.861,-0.967,-1.003,-0.846,-0.85,-0.952,-0.924,-0.923,-0.974,-1.029,-0.872,-1.013,-0.981,-0.899,-1.035,-0.903,-0.846,-0.869,-0.827,-0.935,-0.896,-1.096,-0.875,-0.966,-0.739,-1.008,-0.958,-0.931,-0.81,-0.784,-1.001,-1.01,-1.007,-1.057,-0.903,-0.892,-0.923,-1.011,-0.987,-0.872,-0.907,-0.858,-0.822,-1.075,-0.989,-0.655,-0.869,-1.041,-0.933,-0.889,-0.981
2011/06/01,-0.908,-0.934,-1.047,-0.987,-0.979,-0.9,-0.938,-0.943,-1.058,-0.801,-0.928,-0.914,-0.979,-0.931,-0.979,-0.981,-0.932,-0.958,-0.996,-0.987,-0.961,-0.997,-0.791,-0.736,-0.915,-0.934,-0.912,-0.969,-0.967,-0.894,-0.967,-0.945,-0.96,-0.949,-0.897,-0.86,-0.869,-0.864,-0.934,-0.866,-0.962,-0.898,-0.835,-0.936,-1.012,-0.962,-0.959,-0.918,-0.753,-0.998,-0.924,-1.016,-1.019,-0.89,-0.881,-0.854,-1.017,-0.961,-0.839,-0.933,-0.846,-0.895,-1.015,-1.018,-0.897,-0.721,-1,-0.934,-0.931,-0.935
2011/07/01,-0.938,-0.979,-1.082,-1,-0.983,-0.939,-0.978,-0.944,-0.92,-0.808,-0.944,-0.918,-0.963,-0.983,-1.007,-1.054,-1.013,-0.968,-1.028,-0.958,-0.934,-0.983,-0.892,-0.771,-0.917,-0.858,-0.928,-1.007,-1.022,-0.901,-0.974,-0.977,-0.931,-1.016,-0.884,-0.853,-0.869,-0.915,-0.962,-0.901,-1.033,-0.842,-0.932,-0.893,-1.029,-0.99,-0.969,-1.07,-0.773,-0.933,-0.965,-1.059,-1.042,-0.9,-0.9,-0.925,-1.06,-0.914,-0.915,-0.855,-0.84,-0.894,-1.001,-1.055,-0.858,-0.733,-1.08,-0.95,-0.956,-0.992
2011/08/01,-0.999,-0.971,-1.039,-1,-1.003,-1.031,-0.979,-0.918,-1.064,-0.945,-0.899,-0.93,-0.955,-0.962,-0.962,-1.014,-0.987,-0.984,-1.032,-1.001,-1.001,-1.042,-0.856,-0.835,-0.949,-0.94,-0.926,-0.992,-0.981,-0.919,-0.979,-0.969,-0.998,-0.98,-0.915,-0.882,-0.869,-0.922,-0.997,-0.907,-0.94,-0.896,-0.947,-0.966,-1.049,-1.021,-1.085,-0.893,-0.669,-0.988,-0.923,-1.062,-1.033,-0.933,-0.898,-0.974,-1.064,-1.021,-0.998,-0.837,-0.827,-0.93,-0.98,-1.079,-0.902,-0.763,-1.027,-0.942,-0.968,-0.999
2011/09/01,-1.029,-0.986,-1.092,-1.014,-0.996,-1.025,-1.031,-0.938,-1.154,-0.989,-0.944,-0.942,-0.998,-0.969,-1.028,-1.021,-0.938,-0.963,-1.124,-1.053,-1.029,-1.081,-0.937,-0.93,-1.032,-0.966,-0.955,-1.039,-1.1,-0.923,-0.985,-1.019,-0.968,-1.095,-0.987,-0.896,-0.869,-1.031,-0.993,-1.086,-1.01,-0.842,-0.87,-1.001,-1.008,-1.056,-0.974,-0.944,-0.907,-0.951,-0.861,-1.1,-1.055,-0.959,-0.903,-1.008,-1.107,-1.045,-0.972,-1.035,-0.81,-0.982,-1.065,-1.119,-0.946,-0.944,-1.114,-1.012,-1.003,-1.121
2011/10/01,-0.999,-0.984,-1.069,-1.02,-1,-1.169,-1.036,-0.939,-1.044,-0.962,-0.943,-0.942,-1.005,-0.979,-0.992,-1.082,-1.041,-0.983,-1.108,-0.973,-1.033,-1.103,-1.074,-1.025,-1.057,-0.973,-0.96,-1.045,-1.099,-0.915,-1.043,-1.013,-1.003,-1.096,-1.014,-0.883,-0.869,-1.048,-1.012,-1.054,-1.017,-0.876,-0.905,-0.875,-1.011,-1.071,-1.047,-0.938,-0.936,-1.062,-0.989,-1.093,-1.053,-0.969,-0.907,-1.023,-1.097,-1.03,-1.149,-1.057,-0.861,-1.038,-1.04,-1.149,-0.849,-1.03,-1.123,-1.011,-0.999,-1.264
2011/11/01,-1.06,-0.978,-1.099,-1.043,-1.005,-1.142,-1.04,-0.961,-1.054,-1.144,-0.954,-0.946,-1.037,-1.006,-1.013,-1.028,-1.034,-0.991,-1.2,-1.004,-1.108,-1.167,-1.044,-1.13,-1.089,-1.001,-0.957,-1.013,-1.136,-0.908,-1.086,-1.045,-1.006,-1.132,-1.069,-0.88,-0.869,-1.099,-1.043,-1.146,-1.149,-0.917,-0.977,-0.889,-1.027,-1.115,-1.053,-1.07,-0.997,-1.045,-0.857,-1.134,-1.052,-0.969,-0.908,-1.065,-1.141,-1.127,-1.116,-1.189,-0.879,-1.099,-1.147,-1.178,-0.79,-1.043,-1.164,-1.032,-1.065,-1.194
2011/12/01,-1.029,-1.02,-1.091,-1.046,-1.027,-1.216,-1.064,-0.976,-1.176,-1.148,-0.933,-0.947,-1.062,-1.006,-1.029,-1.086,-1.116,-1.002,-1.211,-1.009,-1.075,-1.176,-1.085,-1.167,-1.115,-1.1,-1.007,-0.323,-1.217,-0.925,-1.104,-1.029,-1.005,-1.226,-1.087,-0.888,-0.869,-1.122,-1.073,-1.201,-1.138,-0.93,-0.979,-0.916,-1.073,-1.124,-1.035,-0.954,-1.046,-1.136,-1.018,-1.191,-1.087,-1.017,-0.906,-1.071,-1.198,-1.158,-1.19,-1.173,-0.877,-1.137,-1.366,-1.201,-0.819,-1.219,-1.193,-1.034,-1.034,-1.298
2012/01/01,-1.06,-0.972,-0.993,-0.988,-1.009,-1.027,-0.951,-0.919,-1.168,-0.928,-0.902,-0.945,-1.001,-0.957,-1.018,-1.021,-0.994,-0.98,-1.084,-0.938,-0.899,-0.972,-0.935,-1.078,-0.92,-0.918,-0.957,-0.905,-1.09,-0.91,-1.069,-0.971,-0.972,-1.085,-0.845,-0.867,-0.869,-1.019,-1.008,-1.067,-1.039,-0.838,-0.937,-0.804,-1.076,-1.036,-1.026,-0.915,-1.07,-1.036,-0.939,-1.067,-1.073,-0.992,-0.911,-0.946,-1.073,-0.904,-1.046,-0.981,-0.878,-1.063,-1.033,-1.008,-0.821,-0.902,-1.145,-0.999,-0.938,-1.031
2012/02/01,-0.847,-0.866,-0.979,-0.987,-1.005,-0.987,-0.912,-0.871,-1.112,-0.859,-0.922,-0.947,-0.949,-0.96,-0.97,-1.028,-0.979,-0.98,-1.076,-1.006,-0.905,-0.975,-0.864,-1.005,-0.908,-0.907,-0.954,-0.971,-1.072,-0.894,-1.099,-1.001,-1.012,-1.071,-0.821,-0.874,-0.869,-0.171,-0.964,-1.008,-1.064,-0.853,-0.873,-0.877,-0.985,-1.094,-1.046,-0.871,-1.125,-1.027,-0.981,-1.061,-1.078,-0.968,-0.909,-0.956,-1.07,-0.961,-1.005,-1.026,-0.896,-1.113,-1.044,-0.989,-0.892,-0.959,-1.139,-1.02,-0.851,-1.064
2012/03/01,-0.726,-0.883,-0.985,-0.996,-1.012,-0.982,-0.883,-0.872,-1.001,-0.893,-0.928,-0.942,-0.938,-0.963,-0.963,-0.994,-0.978,-0.985,-1.059,-1.013,-0.921,-0.962,-0.847,-0.928,-0.927,-0.906,-0.875,-0.966,-1.099,-0.887,-1.088,-0.98,-0.981,-1.099,-0.825,-0.891,-0.869,-0.784,-0.981,-0.926,-1.039,-0.802,-0.869,-0.848,-1.068,-1.102,-1.034,-0.872,-1.012,-1.096,-0.958,-1.062,-1.062,-0.988,-0.908,-0.918,-1.065,-0.898,-1.042,-1.034,-0.896,-1.012,-0.967,-1.018,-0.944,-0.833,-1.152,-0.977,-0.76,-1.041
2012/04/01,-0.726,-0.867,-0.965,-0.993,-1.003,-0.978,-0.926,-0.886,-1.01,-0.953,-0.962,-0.946,-0.93,-0.95,-1.005,-0.999,-1.024,-0.976,-0.995,-0.994,-0.931,-0.961,-0.948,-0.949,-0.887,-0.875,-0.932,-0.975,-1.098,-0.897,-1.067,-0.989,-0.957,-1.098,-0.802,-0.878,-0.869,-1.018,-0.969,-0.899,-1.082,-0.798,-0.879,-0.885,-1.15,-1.103,-1.03,-0.867,-0.93,-1.043,-0.899,-1.083,-1.05,-0.98,-0.928,-0.882,-1.088,-0.89,-1.013,-1.123,-0.9,-1.019,-0.879,-1.047,-0.942,-1.041,-1.177,-0.993,-0.862,-1.011
2012/05/01,-0.696,-0.887,-1.035,-0.98,-0.994,-0.968,-0.833,-0.901,-1.01,-1.059,-0.949,-0.941,-0.948,-0.955,-0.999,-1.036,-0.983,-0.988,-1.097,-0.977,-0.888,-0.96,-0.878,-0.976,-0.906,-0.942,-0.967,-0.994,-1.065,-0.902,-1.023,-1.007,-0.967,-1.064,-0.787,-0.883,-0.869,-1.037,-0.998,-0.868,-1.054,-0.875,-0.905,-0.948,-1.041,-1.115,-1.029,-0.864,-1.013,-1.1,-0.926,-1.066,-1.066,-0.922,-0.9,-0.944,-1.073,-0.89,-1.009,-1.069,-0.896,-1.082,-0.975,-1.039,-0.897,-1.134,-1.16,-1.01,-0.792,-1.115
2012/06/01,-0.726,-0.86,-0.952,-1.003,-0.997,-1,-0.909,-0.932,-1.055,-1.051,-0.94,-0.936,-0.919,-0.955,-1.004,-0.993,-1.021,-0.985,-1.141,-0.972,-0.863,-0.932,-0.847,-0.877,-0.86,-0.923,-0.96,-0.983,-1.059,-0.899,-1.06,-0.993,-1.008,-1.054,-0.733,-0.895,-0.869,-1.027,-1.015,-0.888,-1.023,-0.896,-0.879,-0.965,-1.017,-1.116,-1.067,-0.942,-0.98,-1.136,-1.045,-1.026,-1.071,-0.929,-0.907,-0.917,-1.03,-0.848,-0.954,-1.009,-0.886,-1.115,-1.012,-1.037,-0.906,-1.087,-1.17,-1.011,-0.824,-1.115
2012/07/01,-0.756,-0.829,-1.002,-0.976,-1.001,-0.99,-0.928,-0.952,-0.95,-0.748,-0.936,-0.939,-0.922,-0.958,-1.022,-0.992,-1.075,-0.987,-1.132,-0.995,-0.828,-0.902,-0.854,-0.93,-0.796,-0.828,-0.934,-0.997,-1.085,-0.88,-1.109,-0.991,-1.012,-1.091,-0.663,-0.891,-0.869,-1.037,-1.017,-0.861,-1.022,-0.858,-0.898,-0.924,-1.037,-1.126,-1.077,-0.852,-1.033,-1.136,-1.11,-1.006,-1.065,-0.971,-0.907,-0.914,-1.005,-0.779,-0.954,-0.967,-0.904,-1.107,-0.961,-1.008,-0.872,-1.009,-1.141,-1.002,-0.773,-0.96
2012/08/01,-0.817,-0.89,-1.029,-0.999,-1.008,-1.047,-0.961,-0.947,-1.022,-0.953,-0.97,-0.948,-0.895,-0.968,-0.994,-1.024,-0.913,-0.988,-1.19,-0.957,-0.898,-0.951,-0.833,-0.975,-0.888,-0.87,-0.938,-0.956,-1.051,-0.902,-1.112,-1.011,-0.979,-1.06,-0.7,-0.887,-0.869,-1.069,-0.999,-0.852,-1.018,-0.826,-0.872,-0.856,-1.046,-1.146,-1.054,-0.867,-0.978,-1.108,-1.137,-1.015,-1.061,-0.877,-0.928,-0.919,-1.012,-0.822,-1.026,-0.989,-0.911,-1.093,-1,-1.049,-0.77,-1.122,-1.135,-1.013,-0.782,-0.975
2012/09/01,-0.847,-0.874,-1.041,-1.008,-1.024,-1.12,-1.02,-0.967,-1.098,-0.947,-0.98,-0.955,-0.931,-0.973,-1.01,-1.021,-1.037,-0.989,-1.242,-0.929,-0.915,-0.967,-0.876,-1.078,-0.856,-0.886,-0.98,-1.027,-1.137,-0.906,-1.096,-1.02,-1.034,-1.149,-0.766,-0.908,-0.869,-1.134,-1.03,-0.938,-1.047,-0.904,-0.902,-0.793,-1.073,-1.154,-1.013,-0.881,-0.982,-1.167,-1.108,-1.084,-1.077,-0.916,-0.912,-0.987,-1.084,-0.869,-1.059,-1.122,-0.907,-1.088,-0.975,-1.072,-0.694,-1.322,-1.194,-1.032,-0.783,-1.156
